{
    "chicago": [
        41.8755616,
        -87.6244212
    ],
    "houston": [
        29.7589382,
        -95.3676974
    ]
}